timestamp,event,event type,data,event group,front gear num,front gear,rear gear num,rear gear
2025-02-22T23:35:34.000Z,timer,start,manual,0,,,,
2025-02-22T23:35:34.000Z,rearGearChange,marker,637604615,,1,38,7,19
2025-02-22T23:35:54.000Z,offCourse,start,0,0,,,,
2025-02-22T23:35:54.000Z,rearGearChange,marker,637605126,,1,38,6,21
2025-02-22T23:35:55.000Z,offCourse,start,0,0,,,,
2025-02-22T23:36:13.000Z,rearGearChange,marker,637604615,,1,38,7,19
2025-02-22T23:36:30.000Z,rearGearChange,marker,637605126,,1,38,6,21
2025-02-22T23:36:46.000Z,rearGearChange,marker,637605893,,1,38,5,24
2025-02-22T23:37:08.000Z,rearGearChange,marker,637606916,,1,38,4,28
2025-02-22T23:37:54.000Z,rearGearChange,marker,637605126,,1,38,6,21
2025-02-22T23:39:57.000Z,rearGearChange,marker,637604615,,1,38,7,19
2025-02-22T23:39:59.000Z,rearGearChange,marker,637604104,,1,38,8,17
2025-02-22T23:40:04.000Z,rearGearChange,marker,637603593,,1,38,9,15
2025-02-22T23:40:09.000Z,rearGearChange,marker,637604104,,1,38,8,17
2025-02-22T23:40:22.000Z,rearGearChange,marker,637603593,,1,38,9,15
2025-02-22T23:40:26.000Z,rearGearChange,marker,637604104,,1,38,8,17
2025-02-22T23:40:41.000Z,rearGearChange,marker,637603593,,1,38,9,15
2025-02-22T23:41:08.000Z,rearGearChange,marker,637604104,,1,38,8,17
2025-02-22T23:41:31.000Z,rearGearChange,marker,637604615,,1,38,7,19
2025-02-22T23:41:32.000Z,rearGearChange,marker,637604104,,1,38,8,17
2025-02-22T23:41:33.000Z,rearGearChange,marker,637604615,,1,38,7,19
2025-02-22T23:41:35.000Z,rearGearChange,marker,637605126,,1,38,6,21
2025-02-22T23:41:40.000Z,rearGearChange,marker,637605893,,1,38,5,24
2025-02-22T23:41:43.000Z,rearGearChange,marker,637605126,,1,38,6,21
2025-02-22T23:41:48.000Z,rearGearChange,marker,637604615,,1,38,7,19
2025-02-22T23:42:32.000Z,rearGearChange,marker,637604104,,1,38,8,17
2025-02-22T23:42:40.000Z,rearGearChange,marker,637603593,,1,38,9,15
2025-02-22T23:42:54.000Z,rearGearChange,marker,637604104,,1,38,8,17
2025-02-22T23:43:11.000Z,rearGearChange,marker,637604615,,1,38,7,19
2025-02-22T23:43:17.000Z,rearGearChange,marker,637605126,,1,38,6,21
2025-02-22T23:43:57.000Z,rearGearChange,marker,637604615,,1,38,7,19
2025-02-22T23:44:03.000Z,rearGearChange,marker,637604104,,1,38,8,17
2025-02-22T23:44:10.000Z,rearGearChange,marker,637603593,,1,38,9,15
2025-02-22T23:44:28.000Z,rearGearChange,marker,637603082,,1,38,10,13
2025-02-22T23:44:42.000Z,rearGearChange,marker,637603593,,1,38,9,15
2025-02-22T23:44:50.000Z,rearGearChange,marker,637604104,,1,38,8,17
2025-02-22T23:45:26.000Z,rearGearChange,marker,637603593,,1,38,9,15
2025-02-22T23:46:45.000Z,rearGearChange,marker,637604104,,1,38,8,17
2025-02-22T23:47:46.000Z,rearGearChange,marker,637603593,,1,38,9,15
2025-02-22T23:48:09.000Z,rearGearChange,marker,637604104,,1,38,8,17
2025-02-22T23:48:13.000Z,rearGearChange,marker,637603593,,1,38,9,15
2025-02-22T23:48:26.000Z,rearGearChange,marker,637604104,,1,38,8,17
2025-02-22T23:48:39.000Z,rearGearChange,marker,637604615,,1,38,7,19
2025-02-22T23:48:44.000Z,rearGearChange,marker,637604104,,1,38,8,17
2025-02-22T23:48:48.000Z,rearGearChange,marker,637603593,,1,38,9,15
2025-02-22T23:49:35.000Z,rearGearChange,marker,637604104,,1,38,8,17
2025-02-22T23:50:11.000Z,rearGearChange,marker,637604615,,1,38,7,19
2025-02-22T23:50:12.000Z,rearGearChange,marker,637605126,,1,38,6,21
2025-02-22T23:50:15.000Z,rearGearChange,marker,637604615,,1,38,7,19
2025-02-22T23:50:17.000Z,rearGearChange,marker,637604104,,1,38,8,17
2025-02-22T23:50:21.000Z,rearGearChange,marker,637603593,,1,38,9,15
2025-02-22T23:50:52.000Z,rearGearChange,marker,637604104,,1,38,8,17
2025-02-22T23:51:25.000Z,rearGearChange,marker,637603593,,1,38,9,15
2025-02-22T23:51:29.000Z,rearGearChange,marker,637603082,,1,38,10,13
2025-02-22T23:53:30.000Z,rearGearChange,marker,637603593,,1,38,9,15
2025-02-22T23:53:31.000Z,rearGearChange,marker,637604104,,1,38,8,17
2025-02-22T23:53:46.000Z,rearGearChange,marker,637603593,,1,38,9,15
2025-02-22T23:54:42.000Z,rearGearChange,marker,637604104,,1,38,8,17
2025-02-22T23:55:03.000Z,rearGearChange,marker,637604615,,1,38,7,19
2025-02-22T23:55:08.000Z,rearGearChange,marker,637605126,,1,38,6,21
2025-02-22T23:55:25.000Z,39,marker,102,,,,,
2025-02-22T23:55:29.000Z,rearGearChange,marker,637604615,,1,38,7,19
2025-02-22T23:55:40.000Z,rearGearChange,marker,637604104,,1,38,8,17
2025-02-23T00:12:50.000Z,rearGearChange,marker,637604615,,1,38,7,19
2025-02-23T00:13:28.000Z,rearGearChange,marker,637604104,,1,38,8,17
2025-02-23T00:13:32.000Z,rearGearChange,marker,637603593,,1,38,9,15
2025-02-23T00:14:00.000Z,offCourse,stop,0,0,,,,
2025-02-23T00:14:02.000Z,rearGearChange,marker,637604104,,1,38,8,17
2025-02-23T00:14:03.000Z,rearGearChange,marker,637604615,,1,38,7,19
2025-02-23T00:14:11.000Z,rearGearChange,marker,637605893,,1,38,5,24
2025-02-23T00:14:35.000Z,rearGearChange,marker,637605126,,1,38,6,21
2025-02-23T00:14:43.000Z,offCourse,start,0,0,,,,
2025-02-23T00:52:42.000Z,offCourse,stop,0,0,,,,
2025-02-23T00:57:52.000Z,rearGearChange,marker,637604104,,1,38,8,17
2025-02-23T00:58:25.000Z,rearGearChange,marker,637603593,,1,38,9,15
2025-02-23T00:58:51.000Z,rearGearChange,marker,637604104,,1,38,8,17
2025-02-23T00:58:56.000Z,rearGearChange,marker,637604615,,1,38,7,19
2025-02-23T00:59:11.000Z,rearGearChange,marker,637605126,,1,38,6,21
2025-02-23T00:59:33.000Z,rearGearChange,marker,637604104,,1,38,8,17
2025-02-23T00:59:46.000Z,rearGearChange,marker,637604615,,1,38,7,19
2025-02-23T01:00:00.000Z,rearGearChange,marker,637605126,,1,38,6,21
2025-02-23T01:00:06.000Z,rearGearChange,marker,637604615,,1,38,7,19
2025-02-23T01:01:59.000Z,rearGearChange,marker,637604104,,1,38,8,17
2025-02-23T01:02:05.000Z,rearGearChange,marker,637603593,,1,38,9,15
2025-02-23T01:02:16.000Z,rearGearChange,marker,637604104,,1,38,8,17
2025-02-23T01:03:46.000Z,rearGearChange,marker,637603593,,1,38,9,15
2025-02-23T01:03:56.000Z,rearGearChange,marker,637604104,,1,38,8,17
2025-02-23T01:04:05.000Z,rearGearChange,marker,637604615,,1,38,7,19
2025-02-23T01:04:15.000Z,rearGearChange,marker,637604104,,1,38,8,17
2025-02-23T01:05:21.000Z,rearGearChange,marker,637603593,,1,38,9,15
2025-02-23T01:05:22.000Z,rearGearChange,marker,637604104,,1,38,8,17
2025-02-23T01:06:11.000Z,rearGearChange,marker,637604615,,1,38,7,19
2025-02-23T01:06:18.000Z,rearGearChange,marker,637605126,,1,38,6,21
2025-02-23T01:07:01.000Z,rearGearChange,marker,637604615,,1,38,7,19
2025-02-23T01:07:08.000Z,rearGearChange,marker,637605126,,1,38,6,21
2025-02-23T01:09:23.000Z,rearGearChange,marker,637606916,,1,38,4,28
2025-02-23T01:09:56.000Z,rearGearChange,marker,637605126,,1,38,6,21
2025-02-23T01:10:12.000Z,rearGearChange,marker,637604615,,1,38,7,19
2025-02-23T01:10:57.000Z,rearGearChange,marker,637605126,,1,38,6,21
2025-02-23T01:10:58.000Z,rearGearChange,marker,637605893,,1,38,5,24
2025-02-23T01:11:08.000Z,rearGearChange,marker,637607939,,1,38,3,32
2025-02-23T01:11:33.000Z,rearGearChange,marker,637606916,,1,38,4,28
2025-02-23T01:11:46.000Z,rearGearChange,marker,637605893,,1,38,5,24
2025-02-23T01:12:34.000Z,rearGearChange,marker,637606916,,1,38,4,28
2025-02-23T01:12:34.000Z,rearGearChange,marker,637607939,,1,38,3,32
2025-02-23T01:14:01.000Z,rearGearChange,marker,637606916,,1,38,4,28
2025-02-23T01:14:24.000Z,rearGearChange,marker,637607939,,1,38,3,32
2025-02-23T01:14:33.000Z,rearGearChange,marker,637606916,,1,38,4,28
2025-02-23T01:15:16.000Z,rearGearChange,marker,637605893,,1,38,5,24
2025-02-23T01:15:22.000Z,rearGearChange,marker,637606916,,1,38,4,28
2025-02-23T01:15:33.000Z,rearGearChange,marker,637605893,,1,38,5,24
2025-02-23T01:15:50.000Z,rearGearChange,marker,637605126,,1,38,6,21
2025-02-23T01:17:00.000Z,rearGearChange,marker,637605893,,1,38,5,24
2025-02-23T01:17:01.000Z,rearGearChange,marker,637606916,,1,38,4,28
2025-02-23T01:17:21.000Z,rearGearChange,marker,637605893,,1,38,5,24
2025-02-23T01:17:34.000Z,rearGearChange,marker,637606916,,1,38,4,28
2025-02-23T01:17:34.000Z,rearGearChange,marker,637607939,,1,38,3,32
2025-02-23T01:19:01.000Z,rearGearChange,marker,637605893,,1,38,5,24
2025-02-23T01:19:10.000Z,rearGearChange,marker,637606916,,1,38,4,28
2025-02-23T01:19:11.000Z,rearGearChange,marker,637607939,,1,38,3,32
2025-02-23T01:19:59.000Z,rearGearChange,marker,637606916,,1,38,4,28
2025-02-23T01:20:17.000Z,rearGearChange,marker,637607939,,1,38,3,32
2025-02-23T01:20:33.000Z,rearGearChange,marker,637605893,,1,38,5,24
2025-02-23T01:20:42.000Z,rearGearChange,marker,637605126,,1,38,6,21
2025-02-23T01:20:43.000Z,rearGearChange,marker,637604615,,1,38,7,19
2025-02-23T01:21:53.000Z,rearGearChange,marker,637604104,,1,38,8,17
2025-02-23T01:21:54.000Z,rearGearChange,marker,637603593,,1,38,9,15
2025-02-23T01:22:12.000Z,rearGearChange,marker,637603082,,1,38,10,13
2025-02-23T01:22:18.000Z,rearGearChange,marker,637602571,,1,38,11,11
2025-02-23T01:22:33.000Z,rearGearChange,marker,637603082,,1,38,10,13
2025-02-23T01:22:38.000Z,rearGearChange,marker,637603593,,1,38,9,15
2025-02-23T01:22:59.000Z,rearGearChange,marker,637604104,,1,38,8,17
2025-02-23T01:23:26.000Z,rearGearChange,marker,637603593,,1,38,9,15
2025-02-23T01:23:27.000Z,rearGearChange,marker,637603082,,1,38,10,13
2025-02-23T01:23:41.000Z,rearGearChange,marker,637602571,,1,38,11,11
2025-02-23T01:24:06.000Z,rearGearChange,marker,637603082,,1,38,10,13
2025-02-23T01:25:32.000Z,rearGearChange,marker,637603593,,1,38,9,15
2025-02-23T01:26:19.000Z,rearGearChange,marker,637603082,,1,38,10,13
2025-02-23T01:26:33.000Z,rearGearChange,marker,637603593,,1,38,9,15
2025-02-23T01:27:07.000Z,rearGearChange,marker,637604104,,1,38,8,17
2025-02-23T01:27:10.000Z,rearGearChange,marker,637604615,,1,38,7,19
2025-02-23T01:27:27.000Z,rearGearChange,marker,637604104,,1,38,8,17
2025-02-23T01:27:32.000Z,rearGearChange,marker,637603593,,1,38,9,15
2025-02-23T01:27:57.000Z,rearGearChange,marker,637604104,,1,38,8,17
2025-02-23T01:27:58.000Z,rearGearChange,marker,637604615,,1,38,7,19
2025-02-23T01:28:18.000Z,rearGearChange,marker,637604104,,1,38,8,17
2025-02-23T01:29:09.000Z,rearGearChange,marker,637604615,,1,38,7,19
2025-02-23T01:29:47.000Z,rearGearChange,marker,637605893,,1,38,5,24
2025-02-23T01:31:17.000Z,rearGearChange,marker,637606916,,1,38,4,28
2025-02-23T01:32:00.000Z,rearGearChange,marker,637605893,,1,38,5,24
2025-02-23T01:33:10.000Z,rearGearChange,marker,637605126,,1,38,6,21
2025-02-23T01:33:13.000Z,rearGearChange,marker,637604615,,1,38,7,19
2025-02-23T01:34:05.000Z,rearGearChange,marker,637604104,,1,38,8,17
2025-02-23T01:34:21.000Z,rearGearChange,marker,637603082,,1,38,10,13
2025-02-23T01:34:36.000Z,rearGearChange,marker,637602571,,1,38,11,11
2025-02-23T01:35:04.000Z,rearGearChange,marker,637603593,,1,38,9,15
2025-02-23T01:35:45.000Z,rearGearChange,marker,637604104,,1,38,8,17
2025-02-23T01:36:41.000Z,rearGearChange,marker,637604615,,1,38,7,19
2025-02-23T01:37:52.000Z,rearGearChange,marker,637604104,,1,38,8,17
2025-02-23T01:38:31.000Z,rearGearChange,marker,637604615,,1,38,7,19
2025-02-23T01:39:37.000Z,rearGearChange,marker,637605126,,1,38,6,21
2025-02-23T01:39:56.000Z,rearGearChange,marker,637604615,,1,38,7,19
2025-02-23T01:40:24.000Z,rearGearChange,marker,637604104,,1,38,8,17
2025-02-23T01:41:13.000Z,rearGearChange,marker,637603593,,1,38,9,15
2025-02-23T01:41:18.000Z,rearGearChange,marker,637604104,,1,38,8,17
2025-02-23T01:42:19.000Z,rearGearChange,marker,637604615,,1,38,7,19
2025-02-23T01:43:02.000Z,rearGearChange,marker,637605126,,1,38,6,21
2025-02-23T01:45:17.000Z,rearGearChange,marker,637605893,,1,38,5,24
2025-02-23T01:48:29.000Z,rearGearChange,marker,637605126,,1,38,6,21
2025-02-23T01:48:34.000Z,rearGearChange,marker,637604615,,1,38,7,19
2025-02-23T01:48:46.000Z,rearGearChange,marker,637604104,,1,38,8,17
2025-02-23T01:49:04.000Z,rearGearChange,marker,637604615,,1,38,7,19
2025-02-23T01:50:52.000Z,rearGearChange,marker,637605893,,1,38,5,24
2025-02-23T01:51:07.000Z,rearGearChange,marker,637605126,,1,38,6,21
2025-02-23T01:51:13.000Z,rearGearChange,marker,637604615,,1,38,7,19
2025-02-23T01:51:14.000Z,rearGearChange,marker,637604104,,1,38,8,17
2025-02-23T01:51:34.000Z,rearGearChange,marker,637603593,,1,38,9,15
2025-02-23T01:51:45.000Z,rearGearChange,marker,637604615,,1,38,7,19
2025-02-23T01:52:51.000Z,rearGearChange,marker,637604104,,1,38,8,17
2025-02-23T01:54:23.000Z,rearGearChange,marker,637605126,,1,38,6,21
2025-02-23T01:54:29.000Z,rearGearChange,marker,637604615,,1,38,7,19
2025-02-23T01:54:30.000Z,rearGearChange,marker,637603593,,1,38,9,15
2025-02-23T01:55:18.000Z,rearGearChange,marker,637604615,,1,38,7,19
2025-02-23T01:55:43.000Z,rearGearChange,marker,637604104,,1,38,8,17
2025-02-23T01:55:47.000Z,rearGearChange,marker,637603593,,1,38,9,15
2025-02-23T01:55:51.000Z,rearGearChange,marker,637603082,,1,38,10,13
2025-02-23T01:56:30.000Z,rearGearChange,marker,637603593,,1,38,9,15
2025-02-23T01:56:30.000Z,rearGearChange,marker,637604104,,1,38,8,17
2025-02-23T01:56:44.000Z,rearGearChange,marker,637605126,,1,38,6,21
2025-02-23T01:57:19.000Z,rearGearChange,marker,637605893,,1,38,5,24
2025-02-23T01:57:21.000Z,rearGearChange,marker,637605126,,1,38,6,21
2025-02-23T01:57:25.000Z,rearGearChange,marker,637604615,,1,38,7,19
2025-02-23T01:57:26.000Z,rearGearChange,marker,637604104,,1,38,8,17
2025-02-23T01:57:30.000Z,rearGearChange,marker,637603593,,1,38,9,15
2025-02-23T01:58:09.000Z,rearGearChange,marker,637604104,,1,38,8,17
2025-02-23T01:58:10.000Z,rearGearChange,marker,637604615,,1,38,7,19
2025-02-23T01:58:21.000Z,rearGearChange,marker,637604104,,1,38,8,17
2025-02-23T01:58:23.000Z,rearGearChange,marker,637603593,,1,38,9,15
2025-02-23T01:58:48.000Z,rearGearChange,marker,637605126,,1,38,6,21
2025-02-23T01:58:57.000Z,rearGearChange,marker,637604615,,1,38,7,19
2025-02-23T01:59:06.000Z,rearGearChange,marker,637604104,,1,38,8,17
2025-02-23T01:59:12.000Z,rearGearChange,marker,637603593,,1,38,9,15
2025-02-23T02:00:28.000Z,rearGearChange,marker,637603082,,1,38,10,13
2025-02-23T02:00:44.000Z,rearGearChange,marker,637603593,,1,38,9,15
2025-02-23T02:02:01.000Z,rearGearChange,marker,637604104,,1,38,8,17
2025-02-23T02:02:01.000Z,rearGearChange,marker,637604615,,1,38,7,19
2025-02-23T02:02:02.000Z,rearGearChange,marker,637605126,,1,38,6,21
2025-02-23T02:03:11.000Z,rearGearChange,marker,637604615,,1,38,7,19
2025-02-23T02:03:16.000Z,rearGearChange,marker,637604104,,1,38,8,17
2025-02-23T02:03:32.000Z,rearGearChange,marker,637603593,,1,38,9,15
2025-02-23T02:04:41.000Z,rearGearChange,marker,637604104,,1,38,8,17
2025-02-23T02:05:30.000Z,rearGearChange,marker,637604615,,1,38,7,19
2025-02-23T02:05:45.000Z,rearGearChange,marker,637604104,,1,38,8,17
2025-02-23T02:06:39.000Z,rearGearChange,marker,637604615,,1,38,7,19
2025-02-23T02:08:33.000Z,rearGearChange,marker,637605126,,1,38,6,21
2025-02-23T02:09:23.000Z,rearGearChange,marker,637605893,,1,38,5,24
2025-02-23T02:09:23.000Z,rearGearChange,marker,637607939,,1,38,3,32
2025-02-23T02:09:57.000Z,rearGearChange,marker,637606916,,1,38,4,28
2025-02-23T02:10:28.000Z,rearGearChange,marker,637605893,,1,38,5,24
2025-02-23T02:11:06.000Z,rearGearChange,marker,637605126,,1,38,6,21
2025-02-23T02:11:08.000Z,rearGearChange,marker,637604615,,1,38,7,19
2025-02-23T02:11:23.000Z,rearGearChange,marker,637604104,,1,38,8,17
2025-02-23T02:11:41.000Z,rearGearChange,marker,637604615,,1,38,7,19
2025-02-23T02:12:25.000Z,rearGearChange,marker,637604104,,1,38,8,17
2025-02-23T02:12:42.000Z,rearGearChange,marker,637603593,,1,38,9,15
2025-02-23T02:12:53.000Z,rearGearChange,marker,637603082,,1,38,10,13
2025-02-23T02:14:14.000Z,rearGearChange,marker,637604104,,1,38,8,17
2025-02-23T02:14:17.000Z,rearGearChange,marker,637604615,,1,38,7,19
2025-02-23T02:14:17.000Z,rearGearChange,marker,637605126,,1,38,6,21
2025-02-23T02:16:47.000Z,rearGearChange,marker,637604615,,1,38,7,19
2025-02-23T02:16:49.000Z,rearGearChange,marker,637604104,,1,38,8,17
2025-02-23T02:16:54.000Z,rearGearChange,marker,637603593,,1,38,9,15
2025-02-23T02:17:07.000Z,rearGearChange,marker,637603082,,1,38,10,13
2025-02-23T02:17:55.000Z,rearGearChange,marker,637602571,,1,38,11,11
2025-02-23T02:18:29.000Z,rearGearChange,marker,637603082,,1,38,10,13
2025-02-23T02:18:29.000Z,rearGearChange,marker,637603593,,1,38,9,15
2025-02-23T02:19:13.000Z,rearGearChange,marker,637604104,,1,38,8,17
2025-02-23T02:19:14.000Z,rearGearChange,marker,637604615,,1,38,7,19
2025-02-23T02:19:18.000Z,rearGearChange,marker,637604104,,1,38,8,17
2025-02-23T02:21:10.000Z,rearGearChange,marker,637603593,,1,38,9,15
2025-02-23T02:21:16.000Z,rearGearChange,marker,637604104,,1,38,8,17
2025-02-23T02:23:42.000Z,rearGearChange,marker,637604615,,1,38,7,19
2025-02-23T02:24:00.000Z,rearGearChange,marker,637604104,,1,38,8,17
2025-02-23T02:24:05.000Z,rearGearChange,marker,637603593,,1,38,9,15
2025-02-23T02:24:13.000Z,rearGearChange,marker,637603082,,1,38,10,13
2025-02-23T02:27:16.000Z,rearGearChange,marker,637603593,,1,38,9,15
2025-02-23T02:28:16.000Z,rearGearChange,marker,637603082,,1,38,10,13
2025-02-23T02:28:28.000Z,rearGearChange,marker,637603593,,1,38,9,15
2025-02-23T02:29:29.000Z,rearGearChange,marker,637604104,,1,38,8,17
2025-02-23T02:29:29.000Z,rearGearChange,marker,637604615,,1,38,7,19
2025-02-23T02:31:31.000Z,rearGearChange,marker,637604104,,1,38,8,17
2025-02-23T02:33:28.000Z,rearGearChange,marker,637603593,,1,38,9,15
2025-02-23T02:35:00.000Z,rearGearChange,marker,637604104,,1,38,8,17
2025-02-23T02:35:09.000Z,rearGearChange,marker,637604615,,1,38,7,19
2025-02-23T02:35:50.000Z,rearGearChange,marker,637604104,,1,38,8,17
2025-02-23T02:36:34.000Z,rearGearChange,marker,637604615,,1,38,7,19
2025-02-23T02:36:45.000Z,rearGearChange,marker,637605126,,1,38,6,21
2025-02-23T02:38:54.000Z,rearGearChange,marker,637604104,,1,38,8,17
2025-02-23T02:40:29.000Z,rearGearChange,marker,637603593,,1,38,9,15
2025-02-23T02:40:30.000Z,rearGearChange,marker,637603082,,1,38,10,13
2025-02-23T02:40:54.000Z,rearGearChange,marker,637602571,,1,38,11,11
2025-02-23T02:42:52.000Z,rearGearChange,marker,637603082,,1,38,10,13
2025-02-23T02:43:07.000Z,rearGearChange,marker,637603593,,1,38,9,15
2025-02-23T02:43:09.000Z,rearGearChange,marker,637603082,,1,38,10,13
2025-02-23T02:43:34.000Z,rearGearChange,marker,637603593,,1,38,9,15
2025-02-23T02:45:29.000Z,rearGearChange,marker,637604104,,1,38,8,17
2025-02-23T02:45:31.000Z,rearGearChange,marker,637603593,,1,38,9,15
2025-02-23T02:45:43.000Z,rearGearChange,marker,637603082,,1,38,10,13
2025-02-23T02:46:45.000Z,rearGearChange,marker,637603593,,1,38,9,15
2025-02-23T02:47:32.000Z,rearGearChange,marker,637604104,,1,38,8,17
2025-02-23T02:48:01.000Z,rearGearChange,marker,637604615,,1,38,7,19
2025-02-23T02:48:40.000Z,rearGearChange,marker,637604104,,1,38,8,17
2025-02-23T02:49:12.000Z,rearGearChange,marker,637604615,,1,38,7,19
2025-02-23T02:52:03.000Z,rearGearChange,marker,637604104,,1,38,8,17
2025-02-23T02:52:33.000Z,rearGearChange,marker,637604615,,1,38,7,19
2025-02-23T02:52:34.000Z,rearGearChange,marker,637605126,,1,38,6,21
2025-02-23T02:52:54.000Z,rearGearChange,marker,637604615,,1,38,7,19
2025-02-23T02:52:56.000Z,rearGearChange,marker,637604104,,1,38,8,17
2025-02-23T02:52:57.000Z,rearGearChange,marker,637603593,,1,38,9,15
2025-02-23T02:53:30.000Z,rearGearChange,marker,637604104,,1,38,8,17
2025-02-23T02:55:03.000Z,rearGearChange,marker,637603082,,1,38,10,13
2025-02-23T02:55:10.000Z,rearGearChange,marker,637602571,,1,38,11,11
2025-02-23T02:55:19.000Z,rearGearChange,marker,637603082,,1,38,10,13
2025-02-23T02:55:30.000Z,rearGearChange,marker,637603593,,1,38,9,15
2025-02-23T02:55:35.000Z,rearGearChange,marker,637604104,,1,38,8,17
2025-02-23T02:55:53.000Z,rearGearChange,marker,637603593,,1,38,9,15
2025-02-23T02:55:58.000Z,rearGearChange,marker,637603082,,1,38,10,13
2025-02-23T03:04:29.000Z,rearGearChange,marker,637603593,,1,38,9,15
2025-02-23T03:04:29.000Z,rearGearChange,marker,637604104,,1,38,8,17
2025-02-23T03:04:33.000Z,rearGearChange,marker,637604615,,1,38,7,19
2025-02-23T03:04:34.000Z,rearGearChange,marker,637605126,,1,38,6,21
2025-02-23T03:04:35.000Z,rearGearChange,marker,637605893,,1,38,5,24
2025-02-23T03:14:12.000Z,rearGearChange,marker,637607939,,1,38,3,32
2025-02-23T03:14:17.000Z,rearGearChange,marker,637609474,,1,38,2,38
2025-02-23T03:14:25.000Z,rearGearChange,marker,637611009,,1,38,1,44
2025-02-23T03:17:17.000Z,rearGearChange,marker,637609474,,1,38,2,38
2025-02-23T03:17:21.000Z,rearGearChange,marker,637607939,,1,38,3,32
2025-02-23T03:17:30.000Z,rearGearChange,marker,637609474,,1,38,2,38
2025-02-23T03:17:30.000Z,rearGearChange,marker,637611009,,1,38,1,44
2025-02-23T03:30:28.000Z,rearGearChange,marker,637609474,,1,38,2,38
2025-02-23T03:31:06.000Z,rearGearChange,marker,637611009,,1,38,1,44
2025-02-23T03:43:05.000Z,rearGearChange,marker,637609474,,1,38,2,38
2025-02-23T03:44:08.000Z,rearGearChange,marker,637611009,,1,38,1,44
2025-02-23T03:48:37.000Z,rearGearChange,marker,637607939,,1,38,3,32
2025-02-23T03:53:45.000Z,rearGearChange,marker,637605893,,1,38,5,24
2025-02-23T03:53:46.000Z,rearGearChange,marker,637604615,,1,38,7,19
2025-02-23T03:58:01.000Z,rearGearChange,marker,637605126,,1,38,6,21
2025-02-23T03:58:03.000Z,rearGearChange,marker,637606916,,1,38,4,28
2025-02-23T03:58:08.000Z,rearGearChange,marker,637607939,,1,38,3,32
2025-02-23T03:58:09.000Z,rearGearChange,marker,637609474,,1,38,2,38
2025-02-23T03:58:24.000Z,rearGearChange,marker,637607939,,1,38,3,32
2025-02-23T03:58:39.000Z,rearGearChange,marker,637609474,,1,38,2,38
2025-02-23T03:58:40.000Z,rearGearChange,marker,637611009,,1,38,1,44
2025-02-23T04:01:23.000Z,rearGearChange,marker,637609474,,1,38,2,38
2025-02-23T04:01:28.000Z,rearGearChange,marker,637611009,,1,38,1,44
2025-02-23T04:13:20.000Z,rearGearChange,marker,637609474,,1,38,2,38
2025-02-23T04:13:47.000Z,rearGearChange,marker,637607939,,1,38,3,32
2025-02-23T04:14:03.000Z,rearGearChange,marker,637609474,,1,38,2,38
2025-02-23T04:15:59.000Z,rearGearChange,marker,637607939,,1,38,3,32
2025-02-23T04:15:59.000Z,rearGearChange,marker,637606916,,1,38,4,28
2025-02-23T04:16:00.000Z,rearGearChange,marker,637605893,,1,38,5,24
2025-02-23T04:16:36.000Z,rearGearChange,marker,637606916,,1,38,4,28
2025-02-23T04:16:36.000Z,rearGearChange,marker,637607939,,1,38,3,32
2025-02-23T04:16:36.000Z,rearGearChange,marker,637609474,,1,38,2,38
2025-02-23T04:16:37.000Z,rearGearChange,marker,637611009,,1,38,1,44
2025-02-23T04:16:38.000Z,rearGearChange,marker,637609474,,1,38,2,38
2025-02-23T04:19:05.000Z,rearGearChange,marker,637611009,,1,38,1,44
2025-02-23T04:19:23.000Z,rearGearChange,marker,637609474,,1,38,2,38
2025-02-23T04:19:29.000Z,rearGearChange,marker,637607939,,1,38,3,32
2025-02-23T04:19:31.000Z,rearGearChange,marker,637606916,,1,38,4,28
2025-02-23T04:19:32.000Z,rearGearChange,marker,637605893,,1,38,5,24
2025-02-23T04:19:34.000Z,rearGearChange,marker,637605126,,1,38,6,21
2025-02-23T04:19:49.000Z,rearGearChange,marker,637605893,,1,38,5,24
2025-02-23T04:19:52.000Z,rearGearChange,marker,637606916,,1,38,4,28
2025-02-23T04:31:56.000Z,rearGearChange,marker,637605893,,1,38,5,24
2025-02-23T04:32:17.000Z,rearGearChange,marker,637605126,,1,38,6,21
2025-02-23T04:33:29.000Z,rearGearChange,marker,637604615,,1,38,7,19
2025-02-23T04:33:54.000Z,rearGearChange,marker,637605126,,1,38,6,21
2025-02-23T04:33:55.000Z,rearGearChange,marker,637605893,,1,38,5,24
2025-02-23T04:35:21.000Z,rearGearChange,marker,637606916,,1,38,4,28
2025-02-23T04:35:22.000Z,rearGearChange,marker,637607939,,1,38,3,32
2025-02-23T04:35:25.000Z,rearGearChange,marker,637609474,,1,38,2,38
2025-02-23T04:35:26.000Z,rearGearChange,marker,637611009,,1,38,1,44
2025-02-23T04:42:07.000Z,rearGearChange,marker,637609474,,1,38,2,38
2025-02-23T04:42:11.000Z,rearGearChange,marker,637611009,,1,38,1,44
2025-02-23T04:42:50.000Z,rearGearChange,marker,637609474,,1,38,2,38
2025-02-23T04:43:03.000Z,rearGearChange,marker,637607939,,1,38,3,32
2025-02-23T04:43:04.000Z,rearGearChange,marker,637606916,,1,38,4,28
2025-02-23T04:43:06.000Z,rearGearChange,marker,637605893,,1,38,5,24
2025-02-23T04:43:56.000Z,rearGearChange,marker,637605126,,1,38,6,21
2025-02-23T04:44:45.000Z,rearGearChange,marker,637606916,,1,38,4,28
2025-02-23T04:44:46.000Z,rearGearChange,marker,637609474,,1,38,2,38
2025-02-23T04:44:52.000Z,rearGearChange,marker,637611009,,1,38,1,44
2025-02-23T04:49:41.000Z,rearGearChange,marker,637609474,,1,38,2,38
2025-02-23T04:49:43.000Z,rearGearChange,marker,637607939,,1,38,3,32
2025-02-23T04:49:47.000Z,rearGearChange,marker,637611009,,1,38,1,44
2025-02-23T04:58:09.000Z,rearGearChange,marker,637609474,,1,38,2,38
2025-02-23T04:58:18.000Z,rearGearChange,marker,637607939,,1,38,3,32
2025-02-23T04:59:25.000Z,rearGearChange,marker,637609474,,1,38,2,38
2025-02-23T04:59:25.000Z,rearGearChange,marker,637611009,,1,38,1,44
2025-02-23T05:13:27.000Z,rearGearChange,marker,637609474,,1,38,2,38
2025-02-23T05:13:27.000Z,rearGearChange,marker,637607939,,1,38,3,32
2025-02-23T05:13:58.000Z,rearGearChange,marker,637606916,,1,38,4,28
2025-02-23T05:15:18.000Z,rearGearChange,marker,637607939,,1,38,3,32
2025-02-23T05:15:19.000Z,rearGearChange,marker,637609474,,1,38,2,38
2025-02-23T05:15:19.000Z,rearGearChange,marker,637611009,,1,38,1,44
2025-02-23T06:21:11.000Z,rearGearChange,marker,637609474,,1,38,2,38
2025-02-23T06:21:13.000Z,rearGearChange,marker,637607939,,1,38,3,32
2025-02-23T06:22:03.000Z,rearGearChange,marker,637605893,,1,38,5,24
2025-02-23T06:22:04.000Z,rearGearChange,marker,637605126,,1,38,6,21
2025-02-23T06:22:26.000Z,rearGearChange,marker,637604615,,1,38,7,19
2025-02-23T06:22:29.000Z,rearGearChange,marker,637604104,,1,38,8,17
2025-02-23T06:22:30.000Z,rearGearChange,marker,637603593,,1,38,9,15
2025-02-23T06:22:39.000Z,rearGearChange,marker,637604104,,1,38,8,17
2025-02-23T06:22:43.000Z,rearGearChange,marker,637604615,,1,38,7,19
2025-02-23T06:23:02.000Z,rearGearChange,marker,637604104,,1,38,8,17
2025-02-23T06:23:04.000Z,rearGearChange,marker,637603593,,1,38,9,15
2025-02-23T06:23:32.000Z,rearGearChange,marker,637604104,,1,38,8,17
2025-02-23T06:23:32.000Z,rearGearChange,marker,637604615,,1,38,7,19
2025-02-23T06:23:37.000Z,rearGearChange,marker,637605126,,1,38,6,21
2025-02-23T06:23:44.000Z,rearGearChange,marker,637605893,,1,38,5,24
2025-02-23T06:23:44.000Z,rearGearChange,marker,637606916,,1,38,4,28
2025-02-23T06:23:50.000Z,rearGearChange,marker,637605893,,1,38,5,24
2025-02-23T06:23:52.000Z,rearGearChange,marker,637605126,,1,38,6,21
2025-02-23T06:23:57.000Z,rearGearChange,marker,637604615,,1,38,7,19
2025-02-23T06:23:59.000Z,rearGearChange,marker,637604104,,1,38,8,17
2025-02-23T06:24:05.000Z,rearGearChange,marker,637603593,,1,38,9,15
2025-02-23T06:24:11.000Z,rearGearChange,marker,637603082,,1,38,10,13
2025-02-23T06:24:40.000Z,rearGearChange,marker,637603593,,1,38,9,15
2025-02-23T06:24:42.000Z,rearGearChange,marker,637604104,,1,38,8,17
2025-02-23T06:24:54.000Z,rearGearChange,marker,637604615,,1,38,7,19
2025-02-23T06:25:12.000Z,rearGearChange,marker,637604104,,1,38,8,17
2025-02-23T06:25:15.000Z,rearGearChange,marker,637603593,,1,38,9,15
2025-02-23T06:25:40.000Z,rearGearChange,marker,637603082,,1,38,10,13
2025-02-23T06:26:18.000Z,rearGearChange,marker,637603593,,1,38,9,15
2025-02-23T06:26:24.000Z,rearGearChange,marker,637604104,,1,38,8,17
2025-02-23T06:26:34.000Z,rearGearChange,marker,637604615,,1,38,7,19
2025-02-23T06:26:34.000Z,rearGearChange,marker,637605126,,1,38,6,21
2025-02-23T06:27:20.000Z,rearGearChange,marker,637604615,,1,38,7,19
2025-02-23T06:27:28.000Z,rearGearChange,marker,637604104,,1,38,8,17
2025-02-23T06:27:32.000Z,rearGearChange,marker,637603593,,1,38,9,15
2025-02-23T06:28:20.000Z,rearGearChange,marker,637603082,,1,38,10,13
2025-02-23T06:28:47.000Z,rearGearChange,marker,637603593,,1,38,9,15
2025-02-23T06:29:17.000Z,rearGearChange,marker,637603082,,1,38,10,13
2025-02-23T06:29:23.000Z,rearGearChange,marker,637602571,,1,38,11,11
2025-02-23T06:30:41.000Z,rearGearChange,marker,637603082,,1,38,10,13
2025-02-23T06:30:41.000Z,rearGearChange,marker,637603593,,1,38,9,15
2025-02-23T06:30:41.000Z,rearGearChange,marker,637604104,,1,38,8,17
2025-02-23T06:30:42.000Z,rearGearChange,marker,637604615,,1,38,7,19
2025-02-23T06:30:50.000Z,rearGearChange,marker,637604104,,1,38,8,17
2025-02-23T06:31:10.000Z,rearGearChange,marker,637603593,,1,38,9,15
2025-02-23T06:31:25.000Z,rearGearChange,marker,637603082,,1,38,10,13
2025-02-23T06:32:28.000Z,rearGearChange,marker,637604104,,1,38,8,17
2025-02-23T06:32:28.000Z,rearGearChange,marker,637604615,,1,38,7,19
2025-02-23T06:33:20.000Z,rearGearChange,marker,637605126,,1,38,6,21
2025-02-23T06:33:20.000Z,rearGearChange,marker,637605893,,1,38,5,24
2025-02-23T06:34:32.000Z,rearGearChange,marker,637605126,,1,38,6,21
2025-02-23T06:34:36.000Z,rearGearChange,marker,637604615,,1,38,7,19
2025-02-23T06:34:37.000Z,rearGearChange,marker,637604104,,1,38,8,17
2025-02-23T06:34:38.000Z,rearGearChange,marker,637603593,,1,38,9,15
2025-02-23T06:34:50.000Z,rearGearChange,marker,637603082,,1,38,10,13
2025-02-23T06:35:35.000Z,rearGearChange,marker,637603593,,1,38,9,15
2025-02-23T06:36:01.000Z,rearGearChange,marker,637604104,,1,38,8,17
2025-02-23T06:36:03.000Z,rearGearChange,marker,637604615,,1,38,7,19
2025-02-23T06:36:25.000Z,rearGearChange,marker,637604104,,1,38,8,17
2025-02-23T06:37:13.000Z,rearGearChange,marker,637604615,,1,38,7,19
2025-02-23T06:38:09.000Z,rearGearChange,marker,637604104,,1,38,8,17
2025-02-23T06:38:41.000Z,rearGearChange,marker,637604615,,1,38,7,19
2025-02-23T06:38:42.000Z,rearGearChange,marker,637605126,,1,38,6,21
2025-02-23T06:41:25.000Z,rearGearChange,marker,637605893,,1,38,5,24
2025-02-23T06:41:32.000Z,rearGearChange,marker,637605126,,1,38,6,21
2025-02-23T06:41:45.000Z,rearGearChange,marker,637604615,,1,38,7,19
2025-02-23T06:41:46.000Z,rearGearChange,marker,637604104,,1,38,8,17
2025-02-23T06:42:05.000Z,rearGearChange,marker,637603593,,1,38,9,15
2025-02-23T06:42:05.000Z,rearGearChange,marker,637603082,,1,38,10,13
2025-02-23T06:43:01.000Z,rearGearChange,marker,637603593,,1,38,9,15
2025-02-23T06:43:01.000Z,rearGearChange,marker,637604104,,1,38,8,17
2025-02-23T06:43:01.000Z,rearGearChange,marker,637604615,,1,38,7,19
2025-02-23T06:43:57.000Z,rearGearChange,marker,637604104,,1,38,8,17
2025-02-23T06:44:02.000Z,rearGearChange,marker,637603593,,1,38,9,15
2025-02-23T06:44:24.000Z,rearGearChange,marker,637603082,,1,38,10,13
2025-02-23T06:45:30.000Z,rearGearChange,marker,637603593,,1,38,9,15
2025-02-23T06:45:31.000Z,rearGearChange,marker,637604104,,1,38,8,17
2025-02-23T06:46:24.000Z,rearGearChange,marker,637603593,,1,38,9,15
2025-02-23T06:47:59.000Z,rearGearChange,marker,637604615,,1,38,7,19
2025-02-23T06:47:59.000Z,rearGearChange,marker,637605893,,1,38,5,24
2025-02-23T06:48:44.000Z,rearGearChange,marker,637605126,,1,38,6,21
2025-02-23T06:49:04.000Z,rearGearChange,marker,637604615,,1,38,7,19
2025-02-23T06:49:19.000Z,rearGearChange,marker,637605126,,1,38,6,21
2025-02-23T06:49:23.000Z,rearGearChange,marker,637604615,,1,38,7,19
2025-02-23T06:49:31.000Z,rearGearChange,marker,637603593,,1,38,9,15
2025-02-23T06:50:33.000Z,rearGearChange,marker,637604104,,1,38,8,17
2025-02-23T06:50:35.000Z,rearGearChange,marker,637604615,,1,38,7,19
2025-02-23T06:50:48.000Z,rearGearChange,marker,637604104,,1,38,8,17
2025-02-23T06:51:58.000Z,rearGearChange,marker,637603593,,1,38,9,15
2025-02-23T06:54:12.000Z,rearGearChange,marker,637604104,,1,38,8,17
2025-02-23T06:54:35.000Z,rearGearChange,marker,637604615,,1,38,7,19
2025-02-23T06:54:36.000Z,rearGearChange,marker,637605126,,1,38,6,21
2025-02-23T06:54:37.000Z,rearGearChange,marker,637605893,,1,38,5,24
2025-02-23T06:55:36.000Z,rearGearChange,marker,637605126,,1,38,6,21
2025-02-23T06:56:05.000Z,rearGearChange,marker,637605893,,1,38,5,24
2025-02-23T07:00:01.000Z,rearGearChange,marker,637604615,,1,38,7,19
2025-02-23T07:00:07.000Z,rearGearChange,marker,637605126,,1,38,6,21
2025-02-23T07:02:16.000Z,rearGearChange,marker,637605893,,1,38,5,24
2025-02-23T07:02:32.000Z,rearGearChange,marker,637606916,,1,38,4,28
2025-02-23T07:58:25.000Z,rearGearChange,marker,637605893,,1,38,5,24
2025-02-23T07:58:29.000Z,rearGearChange,marker,637605126,,1,38,6,21
2025-02-23T07:58:34.000Z,rearGearChange,marker,637604615,,1,38,7,19
2025-02-23T07:58:40.000Z,rearGearChange,marker,637604104,,1,38,8,17
2025-02-23T07:58:59.000Z,rearGearChange,marker,637605126,,1,38,6,21
2025-02-23T07:59:18.000Z,rearGearChange,marker,637604615,,1,38,7,19
2025-02-23T07:59:18.000Z,rearGearChange,marker,637604104,,1,38,8,17
2025-02-23T07:59:57.000Z,rearGearChange,marker,637603593,,1,38,9,15
2025-02-23T08:00:11.000Z,rearGearChange,marker,637604104,,1,38,8,17
2025-02-23T08:00:28.000Z,rearGearChange,marker,637604615,,1,38,7,19
2025-02-23T08:00:31.000Z,rearGearChange,marker,637605126,,1,38,6,21
2025-02-23T08:01:08.000Z,rearGearChange,marker,637605893,,1,38,5,24
2025-02-23T08:01:12.000Z,rearGearChange,marker,637606916,,1,38,4,28
2025-02-23T08:01:59.000Z,rearGearChange,marker,637607939,,1,38,3,32
2025-02-23T08:02:26.000Z,rearGearChange,marker,637606916,,1,38,4,28
2025-02-23T08:02:45.000Z,rearGearChange,marker,637605893,,1,38,5,24
2025-02-23T08:02:51.000Z,rearGearChange,marker,637606916,,1,38,4,28
2025-02-23T08:02:52.000Z,rearGearChange,marker,637607939,,1,38,3,32
2025-02-23T08:03:19.000Z,rearGearChange,marker,637605893,,1,38,5,24
2025-02-23T08:03:20.000Z,rearGearChange,marker,637605126,,1,38,6,21
2025-02-23T08:03:24.000Z,rearGearChange,marker,637604615,,1,38,7,19
2025-02-23T08:03:25.000Z,rearGearChange,marker,637604104,,1,38,8,17
2025-02-23T08:03:27.000Z,rearGearChange,marker,637603593,,1,38,9,15
2025-02-23T08:03:34.000Z,rearGearChange,marker,637603082,,1,38,10,13
2025-02-23T08:03:39.000Z,rearGearChange,marker,637602571,,1,38,11,11
2025-02-23T08:04:41.000Z,rearGearChange,marker,637603082,,1,38,10,13
2025-02-23T08:06:43.000Z,rearGearChange,marker,637604615,,1,38,7,19
2025-02-23T08:07:06.000Z,rearGearChange,marker,637604104,,1,38,8,17
2025-02-23T08:07:20.000Z,rearGearChange,marker,637603593,,1,38,9,15
2025-02-23T08:07:53.000Z,rearGearChange,marker,637603082,,1,38,10,13
2025-02-23T08:08:33.000Z,rearGearChange,marker,637603593,,1,38,9,15
2025-02-23T08:10:15.000Z,rearGearChange,marker,637604104,,1,38,8,17
2025-02-23T08:10:15.000Z,rearGearChange,marker,637604615,,1,38,7,19
2025-02-23T08:10:50.000Z,rearGearChange,marker,637604104,,1,38,8,17
2025-02-23T08:11:47.000Z,rearGearChange,marker,637604615,,1,38,7,19
2025-02-23T08:11:47.000Z,rearGearChange,marker,637605126,,1,38,6,21
2025-02-23T08:11:48.000Z,rearGearChange,marker,637605893,,1,38,5,24
2025-02-23T08:11:48.000Z,rearGearChange,marker,637606916,,1,38,4,28
2025-02-23T08:11:54.000Z,rearGearChange,marker,637605893,,1,38,5,24
2025-02-23T08:11:56.000Z,rearGearChange,marker,637605126,,1,38,6,21
2025-02-23T08:11:58.000Z,rearGearChange,marker,637604615,,1,38,7,19
2025-02-23T08:11:59.000Z,rearGearChange,marker,637604104,,1,38,8,17
2025-02-23T08:12:10.000Z,rearGearChange,marker,637603593,,1,38,9,15
2025-02-23T08:12:49.000Z,rearGearChange,marker,637603082,,1,38,10,13
2025-02-23T08:13:50.000Z,rearGearChange,marker,637603593,,1,38,9,15
2025-02-23T08:14:28.000Z,rearGearChange,marker,637603082,,1,38,10,13
2025-02-23T08:14:30.000Z,rearGearChange,marker,637603593,,1,38,9,15
2025-02-23T08:14:34.000Z,rearGearChange,marker,637603082,,1,38,10,13
2025-02-23T08:15:12.000Z,rearGearChange,marker,637603593,,1,38,9,15
2025-02-23T08:15:32.000Z,rearGearChange,marker,637604615,,1,38,7,19
2025-02-23T08:16:49.000Z,rearGearChange,marker,637604104,,1,38,8,17
2025-02-23T08:17:19.000Z,rearGearChange,marker,637604615,,1,38,7,19
2025-02-23T08:17:54.000Z,rearGearChange,marker,637605893,,1,38,5,24
2025-02-23T08:18:27.000Z,rearGearChange,marker,637605126,,1,38,6,21
2025-02-23T08:18:29.000Z,rearGearChange,marker,637604615,,1,38,7,19
2025-02-23T08:18:57.000Z,rearGearChange,marker,637605893,,1,38,5,24
2025-02-23T08:19:54.000Z,rearGearChange,marker,637605126,,1,38,6,21
2025-02-23T08:20:03.000Z,rearGearChange,marker,637605893,,1,38,5,24
2025-02-23T08:20:14.000Z,rearGearChange,marker,637605126,,1,38,6,21
2025-02-23T08:20:50.000Z,rearGearChange,marker,637605893,,1,38,5,24
2025-02-23T08:21:04.000Z,rearGearChange,marker,637606916,,1,38,4,28
2025-02-23T08:21:09.000Z,rearGearChange,marker,637605893,,1,38,5,24
2025-02-23T08:22:06.000Z,rearGearChange,marker,637604615,,1,38,7,19
2025-02-23T08:23:02.000Z,rearGearChange,marker,637605893,,1,38,5,24
2025-02-23T08:24:03.000Z,rearGearChange,marker,637605126,,1,38,6,21
2025-02-23T08:26:33.000Z,rearGearChange,marker,637606916,,1,38,4,28
2025-02-23T08:26:55.000Z,rearGearChange,marker,637605893,,1,38,5,24
2025-02-23T08:27:01.000Z,rearGearChange,marker,637605126,,1,38,6,21
2025-02-23T08:27:34.000Z,rearGearChange,marker,637605893,,1,38,5,24
2025-02-23T08:27:34.000Z,rearGearChange,marker,637606916,,1,38,4,28
2025-02-23T08:27:49.000Z,rearGearChange,marker,637605893,,1,38,5,24
2025-02-23T08:28:08.000Z,rearGearChange,marker,637605126,,1,38,6,21
2025-02-23T08:30:03.000Z,rearGearChange,marker,637604615,,1,38,7,19
2025-02-23T08:30:04.000Z,rearGearChange,marker,637604104,,1,38,8,17
2025-02-23T08:30:08.000Z,rearGearChange,marker,637603593,,1,38,9,15
2025-02-23T08:30:38.000Z,rearGearChange,marker,637603082,,1,38,10,13
2025-02-23T08:30:42.000Z,rearGearChange,marker,637602571,,1,38,11,11
2025-02-23T08:31:06.000Z,rearGearChange,marker,637603082,,1,38,10,13
2025-02-23T08:31:08.000Z,rearGearChange,marker,637602571,,1,38,11,11
2025-02-23T08:31:20.000Z,rearGearChange,marker,637603082,,1,38,10,13
2025-02-23T08:31:21.000Z,rearGearChange,marker,637602571,,1,38,11,11
2025-02-23T08:33:47.000Z,rearGearChange,marker,637603082,,1,38,10,13
2025-02-23T08:33:53.000Z,rearGearChange,marker,637604104,,1,38,8,17
2025-02-23T08:34:15.000Z,rearGearChange,marker,637603593,,1,38,9,15
2025-02-23T08:34:49.000Z,rearGearChange,marker,637603082,,1,38,10,13
2025-02-23T08:36:51.000Z,rearGearChange,marker,637604615,,1,38,7,19
2025-02-23T08:36:53.000Z,rearGearChange,marker,637605126,,1,38,6,21
2025-02-23T08:38:39.000Z,rearGearChange,marker,637605893,,1,38,5,24
2025-02-23T08:38:49.000Z,rearGearChange,marker,637607939,,1,38,3,32
2025-02-23T08:40:14.000Z,rearGearChange,marker,637605893,,1,38,5,24
2025-02-23T08:40:17.000Z,rearGearChange,marker,637605126,,1,38,6,21
2025-02-23T08:41:17.000Z,rearGearChange,marker,637603593,,1,38,9,15
2025-02-23T08:43:34.000Z,rearGearChange,marker,637604104,,1,38,8,17
2025-02-23T08:43:34.000Z,rearGearChange,marker,637604615,,1,38,7,19
2025-02-23T08:43:35.000Z,rearGearChange,marker,637605126,,1,38,6,21
2025-02-23T08:43:40.000Z,rearGearChange,marker,637604615,,1,38,7,19
2025-02-23T08:43:44.000Z,rearGearChange,marker,637604104,,1,38,8,17
2025-02-23T08:44:01.000Z,rearGearChange,marker,637604615,,1,38,7,19
2025-02-23T08:44:01.000Z,rearGearChange,marker,637605126,,1,38,6,21
2025-02-23T08:44:18.000Z,rearGearChange,marker,637604615,,1,38,7,19
2025-02-23T08:45:24.000Z,rearGearChange,marker,637605126,,1,38,6,21
2025-02-23T08:45:55.000Z,rearGearChange,marker,637604615,,1,38,7,19
2025-02-23T08:47:04.000Z,rearGearChange,marker,637604104,,1,38,8,17
2025-02-23T08:47:26.000Z,rearGearChange,marker,637603593,,1,38,9,15
2025-02-23T08:47:29.000Z,rearGearChange,marker,637603082,,1,38,10,13
2025-02-23T08:47:33.000Z,rearGearChange,marker,637602571,,1,38,11,11
2025-02-23T08:48:21.000Z,rearGearChange,marker,637603082,,1,38,10,13
2025-02-23T08:48:22.000Z,rearGearChange,marker,637603593,,1,38,9,15
2025-02-23T08:48:57.000Z,rearGearChange,marker,637604615,,1,38,7,19
2025-02-23T08:49:08.000Z,rearGearChange,marker,637604104,,1,38,8,17
2025-02-23T08:49:22.000Z,rearGearChange,marker,637603593,,1,38,9,15
2025-02-23T08:49:41.000Z,rearGearChange,marker,637604104,,1,38,8,17
2025-02-23T08:49:41.000Z,rearGearChange,marker,637604615,,1,38,7,19
2025-02-23T08:49:42.000Z,rearGearChange,marker,637605126,,1,38,6,21
2025-02-23T08:49:52.000Z,rearGearChange,marker,637606916,,1,38,4,28
2025-02-23T08:49:58.000Z,rearGearChange,marker,637605893,,1,38,5,24
2025-02-23T08:49:59.000Z,rearGearChange,marker,637605126,,1,38,6,21
2025-02-23T08:50:01.000Z,rearGearChange,marker,637604615,,1,38,7,19
2025-02-23T08:50:02.000Z,rearGearChange,marker,637604104,,1,38,8,17
2025-02-23T08:50:11.000Z,rearGearChange,marker,637603593,,1,38,9,15
2025-02-23T08:50:45.000Z,rearGearChange,marker,637603082,,1,38,10,13
2025-02-23T08:50:53.000Z,rearGearChange,marker,637603593,,1,38,9,15
2025-02-23T08:51:15.000Z,rearGearChange,marker,637603082,,1,38,10,13
2025-02-23T08:51:26.000Z,rearGearChange,marker,637603593,,1,38,9,15
2025-02-23T08:53:51.000Z,rearGearChange,marker,637604104,,1,38,8,17
2025-02-23T08:53:52.000Z,rearGearChange,marker,637604615,,1,38,7,19
2025-02-23T08:54:27.000Z,rearGearChange,marker,637603593,,1,38,9,15
2025-02-23T08:54:56.000Z,rearGearChange,marker,637604104,,1,38,8,17
2025-02-23T08:54:57.000Z,rearGearChange,marker,637604615,,1,38,7,19
2025-02-23T08:55:55.000Z,rearGearChange,marker,637605126,,1,38,6,21
2025-02-23T08:56:00.000Z,rearGearChange,marker,637604615,,1,38,7,19
2025-02-23T08:56:26.000Z,rearGearChange,marker,637603593,,1,38,9,15
2025-02-23T08:56:35.000Z,rearGearChange,marker,637603082,,1,38,10,13
2025-02-23T08:57:11.000Z,rearGearChange,marker,637603593,,1,38,9,15
2025-02-23T08:58:31.000Z,rearGearChange,marker,637602571,,1,38,11,11
2025-02-23T08:58:38.000Z,rearGearChange,marker,637602316,,1,38,12,10
2025-02-23T08:58:57.000Z,rearGearChange,marker,637602571,,1,38,11,11
2025-02-23T08:59:18.000Z,rearGearChange,marker,637603593,,1,38,9,15
2025-02-23T08:59:18.000Z,rearGearChange,marker,637604104,,1,38,8,17
2025-02-23T09:00:57.000Z,rearGearChange,marker,637604615,,1,38,7,19
2025-02-23T09:00:57.000Z,rearGearChange,marker,637605126,,1,38,6,21
2025-02-23T09:02:12.000Z,rearGearChange,marker,637604615,,1,38,7,19
2025-02-23T09:03:18.000Z,rearGearChange,marker,637604104,,1,38,8,17
2025-02-23T09:03:19.000Z,rearGearChange,marker,637603593,,1,38,9,15
2025-02-23T09:06:38.000Z,rearGearChange,marker,637605126,,1,38,6,21
2025-02-23T09:06:39.000Z,rearGearChange,marker,637606916,,1,38,4,28
2025-02-23T09:07:07.000Z,rearGearChange,marker,637605893,,1,38,5,24
2025-02-23T09:07:12.000Z,rearGearChange,marker,637605126,,1,38,6,21
2025-02-23T09:07:27.000Z,rearGearChange,marker,637605893,,1,38,5,24
2025-02-23T09:07:32.000Z,rearGearChange,marker,637605126,,1,38,6,21
2025-02-23T09:07:35.000Z,rearGearChange,marker,637604615,,1,38,7,19
2025-02-23T09:07:58.000Z,rearGearChange,marker,637605126,,1,38,6,21
2025-02-23T09:07:58.000Z,rearGearChange,marker,637605893,,1,38,5,24
2025-02-23T09:09:30.000Z,rearGearChange,marker,637605126,,1,38,6,21
2025-02-23T09:09:35.000Z,rearGearChange,marker,637604615,,1,38,7,19
2025-02-23T09:09:47.000Z,rearGearChange,marker,637604104,,1,38,8,17
2025-02-23T09:11:02.000Z,rearGearChange,marker,637604615,,1,38,7,19
2025-02-23T09:11:02.000Z,rearGearChange,marker,637605126,,1,38,6,21
2025-02-23T09:13:08.000Z,rearGearChange,marker,637605893,,1,38,5,24
2025-02-23T09:13:36.000Z,rearGearChange,marker,637605126,,1,38,6,21
2025-02-23T09:57:48.000Z,rearGearChange,marker,637604615,,1,38,7,19
2025-02-23T09:58:00.000Z,rearGearChange,marker,637604104,,1,38,8,17
2025-02-23T09:58:43.000Z,rearGearChange,marker,637603593,,1,38,9,15
2025-02-23T09:59:04.000Z,rearGearChange,marker,637603082,,1,38,10,13
2025-02-23T09:59:10.000Z,rearGearChange,marker,637603593,,1,38,9,15
2025-02-23T09:59:15.000Z,rearGearChange,marker,637604104,,1,38,8,17
2025-02-23T09:59:32.000Z,rearGearChange,marker,637603593,,1,38,9,15
2025-02-23T09:59:50.000Z,rearGearChange,marker,637603082,,1,38,10,13
2025-02-23T10:00:10.000Z,rearGearChange,marker,637603593,,1,38,9,15
2025-02-23T10:00:30.000Z,rearGearChange,marker,637603082,,1,38,10,13
2025-02-23T10:00:33.000Z,rearGearChange,marker,637603593,,1,38,9,15
2025-02-23T10:00:41.000Z,rearGearChange,marker,637604104,,1,38,8,17
2025-02-23T10:01:18.000Z,rearGearChange,marker,637603593,,1,38,9,15
2025-02-23T10:01:31.000Z,rearGearChange,marker,637603082,,1,38,10,13
2025-02-23T10:01:32.000Z,rearGearChange,marker,637602571,,1,38,11,11
2025-02-23T10:02:13.000Z,rearGearChange,marker,637603082,,1,38,10,13
2025-02-23T10:02:29.000Z,rearGearChange,marker,637603593,,1,38,9,15
2025-02-23T10:02:30.000Z,rearGearChange,marker,637604104,,1,38,8,17
2025-02-23T10:02:32.000Z,rearGearChange,marker,637604615,,1,38,7,19
2025-02-23T10:03:14.000Z,rearGearChange,marker,637605126,,1,38,6,21
2025-02-23T10:03:15.000Z,rearGearChange,marker,637605893,,1,38,5,24
2025-02-23T10:03:16.000Z,rearGearChange,marker,637607939,,1,38,3,32
2025-02-23T10:03:20.000Z,rearGearChange,marker,637606916,,1,38,4,28
2025-02-23T10:03:22.000Z,rearGearChange,marker,637605893,,1,38,5,24
2025-02-23T10:03:24.000Z,rearGearChange,marker,637605126,,1,38,6,21
2025-02-23T10:03:27.000Z,rearGearChange,marker,637604615,,1,38,7,19
2025-02-23T10:04:09.000Z,rearGearChange,marker,637605126,,1,38,6,21
2025-02-23T10:04:59.000Z,rearGearChange,marker,637604615,,1,38,7,19
2025-02-23T10:05:04.000Z,rearGearChange,marker,637604104,,1,38,8,17
2025-02-23T10:05:12.000Z,rearGearChange,marker,637603593,,1,38,9,15
2025-02-23T10:05:24.000Z,rearGearChange,marker,637603082,,1,38,10,13
2025-02-23T10:06:28.000Z,rearGearChange,marker,637603593,,1,38,9,15
2025-02-23T10:07:06.000Z,rearGearChange,marker,637604104,,1,38,8,17
2025-02-23T10:07:27.000Z,rearGearChange,marker,637603593,,1,38,9,15
2025-02-23T10:08:30.000Z,rearGearChange,marker,637603082,,1,38,10,13
2025-02-23T10:09:40.000Z,rearGearChange,marker,637603593,,1,38,9,15
2025-02-23T10:09:49.000Z,rearGearChange,marker,637604104,,1,38,8,17
2025-02-23T10:09:49.000Z,rearGearChange,marker,637604615,,1,38,7,19
2025-02-23T10:09:54.000Z,rearGearChange,marker,637605126,,1,38,6,21
2025-02-23T10:10:01.000Z,rearGearChange,marker,637606916,,1,38,4,28
2025-02-23T10:10:08.000Z,rearGearChange,marker,637605893,,1,38,5,24
2025-02-23T10:10:32.000Z,rearGearChange,marker,637605126,,1,38,6,21
2025-02-23T10:10:37.000Z,rearGearChange,marker,637604615,,1,38,7,19
2025-02-23T10:10:39.000Z,rearGearChange,marker,637604104,,1,38,8,17
2025-02-23T10:10:48.000Z,rearGearChange,marker,637603593,,1,38,9,15
2025-02-23T10:10:51.000Z,rearGearChange,marker,637603082,,1,38,10,13
2025-02-23T10:12:08.000Z,rearGearChange,marker,637604104,,1,38,8,17
2025-02-23T10:12:24.000Z,rearGearChange,marker,637603593,,1,38,9,15
2025-02-23T10:12:34.000Z,rearGearChange,marker,637603082,,1,38,10,13
2025-02-23T10:13:02.000Z,rearGearChange,marker,637603593,,1,38,9,15
2025-02-23T10:13:38.000Z,rearGearChange,marker,637604104,,1,38,8,17
2025-02-23T10:14:15.000Z,rearGearChange,marker,637604615,,1,38,7,19
2025-02-23T10:14:15.000Z,rearGearChange,marker,637605126,,1,38,6,21
2025-02-23T10:14:29.000Z,rearGearChange,marker,637604104,,1,38,8,17
2025-02-23T10:16:04.000Z,rearGearChange,marker,637605126,,1,38,6,21
2025-02-23T10:17:09.000Z,timer,stopAll,manual,0,,,,
2025-02-23T10:17:09.000Z,rearGearChange,marker,637604104,,1,38,8,17